{"name":"447720de-8a5b-4303-b076-2bb56e7784b0","id":"/providers/Microsoft.Flow/flows/447720de-8a5b-4303-b076-2bb56e7784b0","type":"Microsoft.Flow/flows","properties":{"apiId":"/providers/Microsoft.PowerApps/apis/shared_logicflows","displayName":"DetectedApps_flow","definition":{"metadata":{"workflowEntityId":null,"processAdvisorMetadata":null,"flowChargedByPaygo":null,"flowclientsuspensionreason":"None","flowclientsuspensiontime":null,"flowclientsuspensionreasondetails":null,"creator":{"id":"cfbfdbd8-68ae-4277-b9f3-888dea7fbbe4","type":"User","tenantId":"1b1aeeb0-4f90-47d7-8aa7-b35da20b9b50"},"provisioningMethod":"FromDefinition","failureAlertSubscription":true,"clientLastModifiedTime":"2024-08-20T01:12:07.4619447Z","connectionKeySavedTimeKey":"2024-08-20T01:12:07.4619447Z"},"$schema":"https://schema.management.azure.com/providers/Microsoft.Logic/schemas/2016-06-01/workflowdefinition.json#","contentVersion":"undefined","parameters":{"$authentication":{"defaultValue":{},"type":"SecureObject"},"$connections":{"defaultValue":{},"type":"Object"}},"triggers":{"Recurrence":{"recurrence":{"interval":1,"frequency":"Week","timeZone":"Eastern Standard Time","schedule":{"weekDays":["Sunday"],"hours":["10"],"minutes":[0]}},"type":"Recurrence"}},"actions":{"HTTP":{"runAfter":{},"metadata":{"operationMetadataId":"3604206f-9875-4d00-81a4-a1ed4dda91ad"},"type":"Http","inputs":{"uri":"https://login.microsoftonline.com/1b1aeeb0-4f90-47d7-8aa7-b35da20b9b50/oauth2/v2.0/token","method":"POST","headers":{"Content-Type":"application/x-www-form-urlencoded"},"body":"client_id=170cb504-ea4f-4b68-ad67-58e4a373776f&scope=https://graph.microsoft.com/.default&grant_type=client_credentials&client_secret=PAU8Q~-4~gTH3fCdu9_8sLVZy3Uy8OUEQMUm.c8p\n"},"runtimeConfiguration":{"contentTransfer":{"transferMode":"Chunked"}}},"Compose":{"runAfter":{"HTTP":["Succeeded"]},"metadata":{"operationMetadataId":"917b37ac-f31d-444a-9d57-44fec84dd5ce"},"type":"Compose","inputs":"@body('HTTP')"},"Parse_JSON":{"runAfter":{"Compose":["Succeeded"]},"metadata":{"operationMetadataId":"a60d0060-2ca4-4e95-b9a8-dcfab0174fa7"},"type":"ParseJson","inputs":{"content":"@body('HTTP')","schema":{"type":"object","properties":{"access_token":{"type":"string"}}}}},"HTTP_1":{"runAfter":{"Parse_JSON":["Succeeded"]},"metadata":{"operationMetadataId":"2b75da34-9387-4bbe-ae80-fc66a5a876ca"},"type":"Http","inputs":{"uri":"https://graph.microsoft.com/beta/deviceManagement/reports/exportJobs","method":"POST","headers":{"Authorization":"Bearer @{body('Parse_JSON')?['access_token']}","Content-Type":"application/json"},"body":{"reportName":"AppInvRawData","localizationType":"LocalizedValuesAsAdditionalColumn"}},"runtimeConfiguration":{"contentTransfer":{"transferMode":"Chunked"}}},"Compose_1":{"runAfter":{"HTTP_1":["Succeeded"]},"metadata":{"operationMetadataId":"81336211-1863-4b0f-a756-285d85f5050d"},"type":"Compose","inputs":"@body('HTTP_1')"},"Parse_JSON_1":{"runAfter":{"Compose_1":["Succeeded"]},"metadata":{"operationMetadataId":"375b302c-7f35-48e4-9772-5eeeedf2aa87"},"type":"ParseJson","inputs":{"content":"@{body('HTTP_1')}\n","schema":{"type":"object","properties":{"@@odata.context":{"type":"string"},"id":{"type":"string"},"reportName":{"type":"string"},"filter":{},"select":{"type":"array"},"format":{"type":"string"},"snapshotId":{},"localizationType":{"type":"string"},"search":{},"status":{"type":"string"},"url":{},"requestDateTime":{"type":"string"},"expirationDateTime":{"type":"string"}}}}},"Do_until":{"actions":{"HTTP_2":{"metadata":{"operationMetadataId":"a86e1e5d-dc70-4d82-a578-a5ee3825017c"},"type":"Http","inputs":{"uri":"https://graph.microsoft.com/beta/deviceManagement/reports/exportJobs('@{variables('jobId')}')","method":"GET","headers":{"Authorization":"Bearer @{body('Parse_JSON')?['access_token']}","Content-Type":"application/json"}},"runtimeConfiguration":{"contentTransfer":{"transferMode":"Chunked"}}},"Parse_JSON_2":{"runAfter":{"HTTP_2":["Succeeded"]},"metadata":{"operationMetadataId":"03ee8a38-6be9-4ccd-bade-2bf0a4b08f66"},"type":"ParseJson","inputs":{"content":"@body('HTTP_2')","schema":{"type":"object","properties":{"@@odata.context":{"type":"string"},"@@microsoft.graph.tips":{"type":"string"},"id":{"type":"string"},"reportName":{"type":"string"},"filter":{},"select":{"type":"array"},"format":{"type":"string"},"snapshotId":{},"localizationType":{"type":"string"},"search":{},"status":{"type":"string"},"url":{},"requestDateTime":{"type":"string"},"expirationDateTime":{"type":"string"}}}}},"Set_variable":{"runAfter":{"Parse_JSON_2":["Succeeded"]},"metadata":{"operationMetadataId":"51daad86-bd75-4e24-a119-0864acf72770"},"type":"SetVariable","inputs":{"name":"status","value":"@body('Parse_JSON_2')?['status']"}},"Delay":{"runAfter":{"Set_variable":["Succeeded"]},"metadata":{"operationMetadataId":"50ee1391-e1ec-47a4-97f0-6c2fb553fbef"},"type":"Wait","inputs":{"interval":{"count":20,"unit":"Second"}}}},"runAfter":{"Initialize_variable_1":["Succeeded"]},"expression":"@equals(variables('status'),'completed')","limit":{"count":60,"timeout":"PT1H"},"metadata":{"operationMetadataId":"2b69b4b4-dbf9-4bdd-94a4-82e43bcabaf0"},"type":"Until"},"Initialize_variable":{"runAfter":{"Parse_JSON_1":["Succeeded"]},"metadata":{"operationMetadataId":"7883376a-2628-4e3b-9405-169e72a001e6"},"type":"InitializeVariable","inputs":{"variables":[{"name":"jobId","type":"string","value":"@body('Parse_JSON_1')?['id']"}]}},"Initialize_variable_1":{"runAfter":{"Initialize_variable":["Succeeded"]},"metadata":{"operationMetadataId":"5c367195-f144-4a57-98ea-c08ec5279b48"},"type":"InitializeVariable","inputs":{"variables":[{"name":"status","type":"string","value":"inProgress"}]}},"Initialize_variable_2":{"runAfter":{"Do_until":["Succeeded"]},"metadata":{"operationMetadataId":"6a352df9-2572-4d32-8f85-69fef7330f03"},"type":"InitializeVariable","inputs":{"variables":[{"name":"downloadurl","type":"string","value":"@body('Parse_JSON_2')?['url']"}]}},"HTTP_3":{"runAfter":{"Initialize_variable_3":["Succeeded"]},"metadata":{"operationMetadataId":"cf8ddfb8-f25f-4510-a234-aa35b2623100"},"type":"Http","inputs":{"uri":"@variables('downloadUrl')","method":"GET"},"runtimeConfiguration":{"contentTransfer":{"transferMode":"Chunked"}}},"Initialize_variable_3":{"runAfter":{"Initialize_variable_2":["Succeeded"]},"metadata":{"operationMetadataId":"0caaf491-f405-4062-b657-40931af9a647"},"type":"InitializeVariable","inputs":{"variables":[{"name":"accessToken","type":"string","value":"@body('Parse_JSON')?['access_token']"}]}},"Create_file":{"runAfter":{"HTTP_3":["Succeeded"]},"metadata":{"operationMetadataId":"bd5e6e30-a544-4e55-9c90-de14c24f5bab"},"type":"OpenApiConnection","inputs":{"parameters":{"folderPath":"/DetectedApps","name":"report.zip","body":"@body('HTTP_3')"},"host":{"apiId":"/providers/Microsoft.PowerApps/apis/shared_onedriveforbusiness","connectionName":"shared_onedriveforbusiness","operationId":"CreateFile"},"authentication":"@parameters('$authentication')"},"runtimeConfiguration":{"contentTransfer":{"transferMode":"Chunked"}}},"Extract_archive_to_folder":{"runAfter":{"Create_file":["Succeeded"]},"metadata":{"operationMetadataId":"6e8cf5eb-b60a-4395-bc1d-60943b1017f2"},"type":"OpenApiConnection","inputs":{"parameters":{"source":"/DetectedApps/report.zip","destination":"/DetectedApps","overwrite":true},"host":{"apiId":"/providers/Microsoft.PowerApps/apis/shared_onedriveforbusiness","connectionName":"shared_onedriveforbusiness","operationId":"ExtractFolderV2"},"authentication":"@parameters('$authentication')"}}},"description":""},"connectionReferences":{"shared_onedriveforbusiness":{"connectionName":"shared-onedriveforbu-d27b721c-2139-40b7-953d-7c93fce41957","source":"Embedded","id":"/providers/Microsoft.PowerApps/apis/shared_onedriveforbusiness","tier":"NotSpecified"}},"flowFailureAlertSubscribed":false,"isManaged":false}}